Workbook

Sheet 每日訓練紀錄
A1: 日期 | B1: 星期 | C1: 訓練類型 | D1: 訓練時長(分鐘) | E1: RPE自覺費力程度(0-10) | F1: 睡眠時數(前一晚) | G1: 睡眠品質自評(1-5) | H1: 壓力指數(1-5) | I1: 疲勞感(1-5) | J1: 自覺恢復程度(1-5) | K1: 達成當日目標(Y/N) | L1: 未達成原因 | M1: 心得備註
A2: 46266 | B2: =IF(A2="","",TEXT(A2,"aaa")) -> Tue | C2: 重量訓練 | D2: 45 | E2: 6 | F2: 6.5 | G2: 3 | H2: 3 | I2: 3 | J2: 4 | K2: Y | L2: 不適用 | M2: 睡不太夠但練起來還可以，晚上開會壓力大
B3: =IF(A3="","",TEXT(A3,"aaa"))
B4: =IF(A4="","",TEXT(A4,"aaa"))
B5: =IF(A5="","",TEXT(A5,"aaa"))
B6: =IF(A6="","",TEXT(A6,"aaa"))
B7: =IF(A7="","",TEXT(A7,"aaa"))
B8: =IF(A8="","",TEXT(A8,"aaa"))
B9: =IF(A9="","",TEXT(A9,"aaa"))
B10: =IF(A10="","",TEXT(A10,"aaa"))
B11: =IF(A11="","",TEXT(A11,"aaa"))
B12: =IF(A12="","",TEXT(A12,"aaa"))
B13: =IF(A13="","",TEXT(A13,"aaa"))
B14: =IF(A14="","",TEXT(A14,"aaa"))
... B37: =IF(A37="","",TEXT(A37,"aaa"))
A39: ↑ 第2列為範例，請直接覆寫成你自己的資料；藍色底的儲存格是你每天要填的欄位。

Sheet 分析輔助
A1: 平均值總覽
A2: 平均 RPE 費力程度 | B2: =IFERROR(ROUND(AVERAGE(每日訓練紀錄!E2:E37),1),"") -> 6
A3: 平均睡眠時數 | B3: =IFERROR(ROUND(AVERAGE(每日訓練紀錄!F2:F37),1),"") -> 6.5
A4: 平均睡眠品質 | B4: =IFERROR(ROUND(AVERAGE(每日訓練紀錄!G2:G37),1),"") -> 3
A5: 平均壓力指數 | B5: =IFERROR(ROUND(AVERAGE(每日訓練紀錄!H2:H37),1),"") -> 3
A6: 平均疲勞感 | B6: =IFERROR(ROUND(AVERAGE(每日訓練紀錄!I2:I37),1),"") -> 3
A7: 平均自覺恢復程度 | B7: =IFERROR(ROUND(AVERAGE(每日訓練紀錄!J2:J37),1),"") -> 4
A8: 目標達成率 | B8: =IFERROR(TEXT(COUNTIF(每日訓練紀錄!K2:K37,"Y")/COUNTA(每日訓練紀錄!K2:K37),"0%"),"") -> 100%
A10: 交互影響：相關係數 (CORREL，介於 -1 ~ 1)
A11: 比較項目 | B11: 相關係數 | C11: 怎麼看
A12: RPE費力程度 vs 睡眠時數 | B12: =IFERROR(ROUND(CORREL(每日訓練紀錄!E2:E37,每日訓練紀錄!F2:F37),2),"資料不足") -> 資料不足 | C12: |係數|>0.5 通常算有明顯關聯，可作為魚骨圖／5Why的線索
A13: RPE費力程度 vs 壓力指數 | B13: =IFERROR(ROUND(CORREL(每日訓練紀錄!E2:E37,每日訓練紀錄!H2:H37),2),"資料不足") -> 資料不足 | C13: |係數|>0.5 通常算有明顯關聯，可作為魚骨圖／5Why的線索
A14: 自覺恢復程度 vs 睡眠時數 | B14: =IFERROR(ROUND(CORREL(每日訓練紀錄!J2:J37,每日訓練紀錄!F2:F37),2),"資料不足") -> 資料不足 | C14: |係數|>0.5 通常算有明顯關聯，可作為魚骨圖／5Why的線索
A15: 自覺恢復程度 vs 壓力指數 | B15: =IFERROR(ROUND(CORREL(每日訓練紀錄!J2:J37,每日訓練紀錄!H2:H37),2),"資料不足") -> 資料不足 | C15: |係數|>0.5 通常算有明顯關聯，可作為魚骨圖／5Why的線索
A16: 疲勞感 vs 睡眠時數 | B16: =IFERROR(ROUND(CORREL(每日訓練紀錄!I2:I37,每日訓練紀錄!F2:F37),2),"資料不足") -> 資料不足 | C16: |係數|>0.5 通常算有明顯關聯，可作為魚骨圖／5Why的線索
A17: 疲勞感 vs 壓力指數 | B17: =IFERROR(ROUND(CORREL(每日訓練紀錄!I2:I37,每日訓練紀錄!H2:H37),2),"資料不足") -> 資料不足 | C17: |係數|>0.5 通常算有明顯關聯，可作為魚骨圖／5Why的線索
A19: 未達成目標原因統計 (柏拉圖用，資料累積後請自行依數字排序)
A20: 原因 | B20: 次數
A21: 時間不夠 | B21: =COUNTIF(每日訓練紀錄!L2:L37,"時間不夠") -> 0
A22: 太累 | B22: =COUNTIF(每日訓練紀錄!L2:L37,"太累") -> 0
A23: 工作忙 | B23: =COUNTIF(每日訓練紀錄!L2:L37,"工作忙") -> 0
A24: 沒動力 | B24: =COUNTIF(每日訓練紀錄!L2:L37,"沒動力") -> 0
A25: 身體不適 | B25: =COUNTIF(每日訓練紀錄!L2:L37,"身體不適") -> 0
A26: 其他 | B26: =COUNTIF(每日訓練紀錄!L2:L37,"其他") -> 0

Sheet 使用說明
A1: 運動改善主題 —— 每日訓練追蹤表使用說明
A3: 這份表格對應 TQM 課程「個人改善主題 H1–H4」作業，用來持續蒐集你自己運動狀況的資料。
A5: 【使用方式】
A6: 1. 到「每日訓練紀錄」分頁，第2列是範例，請直接覆寫成你自己當天的數字（不要刪除整列，以免後面的公式跑掉）。
A7: 2. 從第3列開始，每天訓練完（或休息日）花30秒填一列。日期、RPE、睡眠、壓力、疲勞感、恢復程度都用下拉選單或數字，心得備註可以自由寫。
A8: 3. 建議每天固定同一時間填（例如睡前），至少連續填 15–25 天，H2 才有足夠資料畫 Run Chart。
A9: 4. 「分析輔助」分頁會自動算平均值、相關係數，以及未達成目標原因的次數統計，資料越多越準。
A11: 【欄位對照 H1–H4】
A12: H1 問題陳述與品質成本：可以用「達成當日目標(Y/N)」欄位估計内部/外部失敗成本（例如沒練到、影響體能或心情）。
A13: H2 Run Chart：建議主指標用「RPE自覺費力程度」或「自覺恢復程度」其中一項，畫出15-25天的趨勢。
A14: H3 原因分析：「未達成原因」欄位可以直接變成柏拉圖的分類；「分析輔助」的相關係數可以當5Why或魚骨圖的線索（例如：睡眠不足是不是真的會讓RPE變高）。
A15: H4 一頁改善報告：可以直接引用平均值、相關係數、柏拉圖結果，並說明 DMAIC 的 Measure（這張表本身）跟 Control（例如設定壓力或睡眠低於某個門檻就調整當天訓練強度）怎麼設計。
... A24: 提醒：依課程 AI 使用規範，作業末尾記得附上「AI 使用聲明與查證紀錄」，說明這份追蹤表哪些部分是 AI 協助設計、你自己做了哪些關鍵判斷（例如選擇追蹤哪些指標、怎麼解讀相關係數）。
